{
 "gap_inicial": 0.44097695858508507,
 "gap_t1000": 0.2943132781276675,
 "gap_final": 0.1372279813746206,
 "theta1_err": 0.05433147376885852,
 "theta2_err": 0.2535291343829319
}