{
 "pN": [
  0.9485971943887777,
  0.9485971943887777
 ],
 "pi_N": 0.44700590418035924,
 "pM": [
  1.8714285714285717,
  1.8714285714285717
 ],
 "pi_M": 0.6748123494293424,
 "delta_mem": [
  0.5230672607683834,
  0.11808977967334905
 ],
 "delta_nom": [
  0.9091528507896396,
  0.028590586188971163
 ],
 "delta_vol": [
  0.4764488986009936,
  0.13463038483557285
 ],
 "d_mem_all": [
  0.38072511970197254,
  0.6814674807318246,
  0.7627523829785776,
  0.5016880747319808,
  0.7368504327631972,
  0.4290020055386727,
  0.6940823381047219,
  0.4285102953941164,
  0.44568379691973653,
  0.1699106808190346
 ],
 "d_nom_all": [
  0.851046714705907,
  0.9003905643248923,
  0.8580487205931251,
  0.9013564592206013,
  0.8573805256595524,
  0.9850074047362153,
  0.9719080186927761,
  0.9316542894419644,
  0.9150188378591663,
  0.9197169726621947
 ],
 "d_vol_all": [
  0.7380789993472742,
  0.5114267115648108,
  0.3044868796638023,
  0.25704899311201224,
  0.7556858926107382,
  0.4468664787294374,
  0.13350318007039402,
  0.7417371179173111,
  0.49879234153140173,
  0.37686239146275397
 ]
}