{"0.15": [0.9024705255016962, 0.028172044748717647], "0.3": [0.8243730194144605, 0.04159867033814944], "0.6": [0.7039812609248667, 0.05349442249094699]}