{"cv_2022": 0.2227141189644022, "cv_2024": 0.5020999042031784, "delta_cte": [0.9160742904211554, 0.032713768635598627], "delta_2024": [0.798197194375504, 0.03686814514659061], "delta_2022": [0.8380068785512151, 0.04333755071734735]}