{"r2_hedonica": 0.8799899408579407, "theta_std": [1.031001451099997, 0.019462487476652534, 0.14660194736223497, 0.14729342638487145], "gap_ini": 0.185030843373494, "gap_fin": 0.09826022590361448, "delta_fijo": [0.9029403349592758, 0.030746080490275544], "delta_real": [0.6783911952515334, 0.023496482925450365], "sd_v": 0.5}