{"6e-05": [0.3944561692508626, 0.019407277798833028], "0.00012": [0.8221433990518991, 0.03157517829732251], "0.00024": [0.9678270978747232, 0.03096456342976427], "0.00048": [0.9124708031818305, 0.039931796206008514]}